source,target,psnr,ssim
imagenet-noise,imagenet-blur,27.408133571370442,0.5314036168416341
imagenet-noise,imagenet-weather,24.823008060709636,0.6102001047293345
imagenet-blur,imagenet-noise,30.202398162841796,0.5976174195130666
imagenet-blur,imagenet-weather,24.822744633992514,0.6100969118436178
imagenet-weather,imagenet-noise,30.19995865987142,0.5976028664271037
imagenet-weather,imagenet-blur,27.409533787027996,0.5321353316148122
