source,target,psnr,ssim
imagenet-noise,imagenet-blur,17.122762635294595,0.4352376182715098
imagenet-noise,imagenet-weather,10.902891066233318,0.5231597177664439
imagenet-blur,imagenet-noise,15.741206130472818,0.4786668240070343
imagenet-blur,imagenet-weather,10.066943694559733,0.4372541429837545
imagenet-weather,imagenet-noise,12.210983453877766,0.41354349443117777
imagenet-weather,imagenet-blur,11.86552714691162,0.29016376005808514
