domain,psnr,ssim
ldct,25.28786300761359,0.5914907912790243
